old,new
advertising,advertising
Advertisement,advertising
text,advertising
avantgarde,avant-garde
dada,avant-garde
cut-up,avant-garde
Nacktheit,body
Körper,body
Kapitalismus,capitalism
Privatisierung,capitalism
Börse,capitalism
chance,chance
indeterminacy,chance
i-ching,chance
divination,chance
china,china
collage,collage
photomontage,collage
Kolonialisierung,colonialism
Western,colonialism
Kommunikation,communication
Radio,communication
Code,communication
code,communication
Konsum,consumerism
consumerism,consumerism
Statussymbol,consumerism
commodity,consumerism
identity,consumerism
Zeitgenössische_Kunst,contemporary-art
Hippies,counterculture
Love,counterculture
68er-Bewegung,counterculture
Statistik,data
Karte,data
Modell,design
Space Age,design
Lego,design
domesticity,domesticity
Drogen,drugs
Kokain,drugs
Opium,drugs
Droge,drugs
Heroin,drugs
pedagogy,education
Ausbeutung,exploitation
Kleinfamile,family
Film,film
Filter,film
Freiheit,freedom
Frauenbild,gender
feminism,gender
Rausch,intoxication
Party,intoxication
Lateinamerika,latin-america
Mexiko,latin-america
Literatur,literature
Sci-Fi,literature
poetry,literature
media,media
Popkultur,media
print,media
comics,media
Krise,medicine
Medizin,medicine
middle-ages,middle-ages
music,music
Sound,music
Musik,music
silence,music
NS-Zeit,nazism
notation,notation
score,notation
manuscript,notation
Malerei,painting
painting,painting
abstract-expressionism,painting
gesture,painting
Perspektive,perspective
Philosophie,philosophy
philosophy,philosophy
Fotografie,photography
UN,politics
Protest,politics
Pop-Art,pop-art
seriality,pop-art
Propaganda,propaganda
christianity,religion
Spiritualität,religion
Russland,russia
Naturwissenschaft,science
Strahlen,science
sculpture,sculpture
Selbstoptimierung,self-optimization
Sozialismus,socialism
Weltraum,space
Aliens,space
NASA,space
Kosmos,space
Sonne,space
Tourismus,tourism
Handel,trade
Transhumanismus,transhumanism
Unsterblichkeit,transhumanism
UK,uk
USA,usa
Gewalt,violence
war,war
Vietnam-War,war
Müll/Schrott,waste
Gold,wealth
Reichtum,wealth
Billionaire,wealth
Dekadenz,wealth
